﻿<?xml version="1.0" encoding="utf-8"?>
<publishData>
  <publishProfile publishUrl="\\nctdgaov77\d$\WebApplications\TransitSchedule" deleteExistingFiles="False" ftpAnonymousLogin="False" ftpPassiveMode="True" msdeploySite="" msdeploySiteID="" msdeployRemoteSitePhysicalPath="" msdeployAllowUntrustedCertificate="False" msdeploySkipExtraFilesOnServer="True" msdeployMarkAsApp="False" profileName="Profile1" publishMethod="FileSystem" replaceMatchingFiles="True" userName="" savePWD="False" userPWD="" SelectedForPublish="True">
    <file relUrl="Default.aspx" publishTime="11/09/2012 14:56:20" />
    <file relUrl="Content/themes/base/jquery.ui.resizable.css" publishTime="10/23/2012 15:23:07" />
    <file relUrl="Content/themes/base/images/ui-bg_flat_75_ffffff_40x100.png" publishTime="10/23/2012 15:23:07" />
    <file relUrl="Content/themes/base/images/ui-bg_glass_55_fbf9ee_1x400.png" publishTime="10/23/2012 15:23:07" />
    <file relUrl="Account/Web.config" publishTime="10/22/2012 11:03:23" />
    <file relUrl="Content/themes/base/minified/images/ui-bg_glass_75_dadada_1x400.png" publishTime="10/23/2012 15:23:07" />
    <file relUrl="Content/bp/screen.css" publishTime="10/23/2012 15:23:06" />
    <file relUrl="Content/themes/base/jquery.ui.datepicker.css" publishTime="10/23/2012 15:23:07" />
    <file relUrl="bin/NextBusDisplay.pdb" publishTime="11/21/2012 16:03:20" />
    <file relUrl="Styles/Site.css" publishTime="10/30/2012 15:08:21" />
    <file relUrl="Content/themes/base/images/ui-bg_highlight-soft_75_cccccc_1x100.png" publishTime="10/23/2012 15:23:07" />
    <file relUrl="Content/themes/base/jquery.ui.button.css" publishTime="10/23/2012 15:23:07" />
    <file relUrl="Web.config" publishTime="11/21/2012 16:03:22" />
    <file relUrl="Content/Images/construction-screen.jpg" publishTime="10/23/2012 15:23:06" />
    <file relUrl="bin/NextBusDisplay.dll" publishTime="11/21/2012 16:03:20" />
    <file relUrl="Content/themes/base/minified/jquery-ui.min.css" publishTime="10/23/2012 15:23:07" />
    <file relUrl="Global.asax" publishTime="10/22/2012 11:03:23" />
    <file relUrl="Content/themes/base/minified/images/ui-icons_222222_256x240.png" publishTime="10/23/2012 15:23:07" />
    <file relUrl="Content/themes/base/minified/images/ui-icons_888888_256x240.png" publishTime="10/23/2012 15:23:07" />
    <file relUrl="Content/themes/base/images/ui-icons_2e83ff_256x240.png" publishTime="10/23/2012 15:23:07" />
    <file relUrl="Content/themes/base/images/ui-bg_glass_75_e6e6e6_1x400.png" publishTime="10/23/2012 15:23:07" />
    <file relUrl="Account/Register.aspx" publishTime="10/22/2012 11:03:23" />
    <file relUrl="Content/themes/base/minified/jquery.ui.autocomplete.min.css" publishTime="10/23/2012 15:23:07" />
    <file relUrl="Content/themes/base/jquery.ui.slider.css" publishTime="10/23/2012 15:23:07" />
    <file relUrl="Content/themes/base/minified/jquery.ui.progressbar.min.css" publishTime="10/23/2012 15:23:07" />
    <file relUrl="Content/themes/base/jquery.ui.dialog.css" publishTime="10/23/2012 15:23:07" />
    <file relUrl="Scripts/jquery-1.4.1.min.js" publishTime="10/22/2012 11:03:23" />
    <file relUrl="Content/themes/base/images/ui-icons_cd0a0a_256x240.png" publishTime="10/23/2012 15:23:07" />
    <file relUrl="Content/Images/amtrak-logo-nb.png" publishTime="10/31/2012 16:02:45" />
    <file relUrl="Content/themes/base/jquery.ui.accordion.css" publishTime="10/23/2012 15:23:07" />
    <file relUrl="Content/themes/base/jquery.ui.core.css" publishTime="10/23/2012 15:23:07" />
    <file relUrl="Content/Images/breeze-logo.png" publishTime="10/23/2012 15:23:06" />
    <file relUrl="Content/themes/base/minified/images/ui-bg_glass_95_fef1ec_1x400.png" publishTime="10/23/2012 15:23:07" />
    <file relUrl="Content/themes/base/images/ui-bg_glass_75_dadada_1x400.png" publishTime="10/23/2012 15:23:07" />
    <file relUrl="Content/themes/base/jquery.ui.base.css" publishTime="10/23/2012 15:23:07" />
    <file relUrl="Content/Images/logo.png" publishTime="10/23/2012 15:23:06" />
    <file relUrl="WebService1.asmx" publishTime="10/31/2012 21:13:31" />
    <file relUrl="Content/Images/amtrak-logo-sb.png" publishTime="10/31/2012 16:02:46" />
    <file relUrl="Content/themes/base/minified/jquery.ui.tabs.min.css" publishTime="10/23/2012 15:23:08" />
    <file relUrl="Content/Images/metrolink-logo.png" publishTime="10/23/2012 15:23:06" />
    <file relUrl="Content/themes/base/jquery.ui.selectable.css" publishTime="10/23/2012 15:23:07" />
    <file relUrl="Content/themes/base/images/ui-icons_222222_256x240.png" publishTime="10/23/2012 15:23:07" />
    <file relUrl="Content/themes/base/jquery.ui.progressbar.css" publishTime="10/23/2012 15:23:07" />
    <file relUrl="Content/themes/base/images/ui-bg_glass_65_ffffff_1x400.png" publishTime="10/23/2012 15:23:07" />
    <file relUrl="Admin.aspx" publishTime="11/05/2012 16:52:49" />
    <file relUrl="Site.Master" publishTime="10/22/2012 11:03:23" />
    <file relUrl="Content/themes/base/minified/jquery.ui.button.min.css" publishTime="10/23/2012 15:23:07" />
    <file relUrl="Content/themes/base/minified/jquery.ui.datepicker.min.css" publishTime="10/23/2012 15:23:07" />
    <file relUrl="Content/themes/base/images/ui-icons_454545_256x240.png" publishTime="10/23/2012 15:23:07" />
    <file relUrl="Content/themes/base/minified/jquery.ui.accordion.min.css" publishTime="10/23/2012 15:23:07" />
    <file relUrl="Scripts/jquery-1.4.1-vsdoc.js" publishTime="10/22/2012 11:03:23" />
    <file relUrl="About.aspx" publishTime="10/22/2012 11:03:23" />
    <file relUrl="Content/Images/amtrak-logo.png" publishTime="10/29/2012 11:18:28" />
    <file relUrl="Content/themes/base/minified/images/ui-bg_highlight-soft_75_cccccc_1x100.png" publishTime="10/23/2012 15:23:07" />
    <file relUrl="Content/bp/ie.css" publishTime="10/23/2012 15:23:06" />
    <file relUrl="Content/themes/base/minified/images/ui-bg_glass_55_fbf9ee_1x400.png" publishTime="10/23/2012 15:23:07" />
    <file relUrl="Content/themes/base/jquery.ui.theme.css" publishTime="10/23/2012 15:23:07" />
    <file relUrl="Content/bp/print.css" publishTime="10/23/2012 15:23:06" />
    <file relUrl="Content/themes/base/minified/jquery.ui.resizable.min.css" publishTime="10/23/2012 15:23:07" />
    <file relUrl="Content/themes/base/minified/jquery.ui.core.min.css" publishTime="10/23/2012 15:23:07" />
    <file relUrl="Content/themes/base/minified/images/ui-icons_454545_256x240.png" publishTime="10/23/2012 15:23:07" />
    <file relUrl="Account/ChangePassword.aspx" publishTime="10/22/2012 11:03:23" />
    <file relUrl="Content/themes/base/minified/images/ui-bg_flat_75_ffffff_40x100.png" publishTime="10/23/2012 15:23:07" />
    <file relUrl="Content/Site.css" publishTime="10/23/2012 15:23:07" />
    <file relUrl="Content/themes/base/minified/jquery.ui.dialog.min.css" publishTime="10/23/2012 15:23:07" />
    <file relUrl="Content/themes/base/minified/jquery.ui.slider.min.css" publishTime="10/23/2012 15:23:08" />
    <file relUrl="Content/themes/base/images/ui-icons_888888_256x240.png" publishTime="10/23/2012 15:23:07" />
    <file relUrl="Content/themes/base/jquery-ui.css" publishTime="10/23/2012 15:23:07" />
    <file relUrl="Content/themes/base/minified/jquery.ui.theme.min.css" publishTime="10/23/2012 15:23:08" />
    <file relUrl="Content/themes/base/minified/jquery.ui.selectable.min.css" publishTime="10/23/2012 15:23:07" />
    <file relUrl="Content/themes/base/jquery.ui.all.css" publishTime="10/23/2012 15:23:07" />
    <file relUrl="Account/Login.aspx" publishTime="10/22/2012 11:03:23" />
    <file relUrl="Content/themes/base/minified/images/ui-bg_glass_75_e6e6e6_1x400.png" publishTime="10/23/2012 15:23:07" />
    <file relUrl="Content/Images/sprinter-logo.png" publishTime="10/23/2012 15:23:06" />
    <file relUrl="Account/ChangePasswordSuccess.aspx" publishTime="10/22/2012 11:03:23" />
    <file relUrl="Content/themes/base/images/ui-bg_glass_95_fef1ec_1x400.png" publishTime="10/23/2012 15:23:07" />
    <file relUrl="Scripts/jquery-1.4.1.js" publishTime="10/22/2012 11:03:23" />
    <file relUrl="Content/themes/base/minified/images/ui-icons_cd0a0a_256x240.png" publishTime="10/23/2012 15:23:07" />
    <file relUrl="Content/themes/base/images/ui-bg_flat_0_aaaaaa_40x100.png" publishTime="10/23/2012 15:23:07" />
    <file relUrl="Content/themes/base/minified/images/ui-bg_flat_0_aaaaaa_40x100.png" publishTime="10/23/2012 15:23:07" />
    <file relUrl="Content/Images/coaster-logo.png" publishTime="10/23/2012 15:23:06" />
    <file relUrl="Content/themes/base/minified/images/ui-bg_glass_65_ffffff_1x400.png" publishTime="10/23/2012 15:23:07" />
    <file relUrl="Content/themes/base/jquery.ui.tabs.css" publishTime="10/23/2012 15:23:07" />
    <file relUrl="Content/themes/base/minified/images/ui-icons_2e83ff_256x240.png" publishTime="10/23/2012 15:23:07" />
    <file relUrl="Content/themes/base/jquery.ui.autocomplete.css" publishTime="10/23/2012 15:23:07" />
  </publishProfile>
</publishData>