﻿<?xml version="1.0" encoding="utf-8"?>
<body copyright="All data copyright North County Transit District 2012.">
  <Error shouldRetry="false">\n  For agency=nctd route r=stops=399 is not currently available. It might be initializing still.\n</Error>
  <Error shouldRetry="false">\n  For agency=nctd route r=stops=399 is not currently available. It might be initializing still.\n</Error>
  <predictions agencyTitle="North County Transit District" routeTitle="Coaster" routeTag="398" stopTitle="Coaster Oceanside Transit Center" stopTag="28000_ar">
    <direction title="North to Oceanside">
      <prediction epochTime="1351117263626" seconds="2150" minutes="35" isDeparture="false" dirTag="398_0_var0" vehicle="Coaster-2102" block="39803" tripTag="9054494" />
    </direction>
  </predictions>
  <predictions agencyTitle="North County Transit District" routeTitle="Coaster" routeTag="398" stopTitle="Coaster Oceanside Transit Center" stopTag="28000">
    <direction title="South to San Diego">
      <prediction epochTime="1351118040000" seconds="2927" minutes="48" isDeparture="true" affectedByLayover="true" dirTag="398_1_var0" vehicle="Coaster-2102" block="39803" tripTag="9054487" />
    </direction>
  </predictions>
</body>