<?xml version="1.0" encoding="utf-8" ?>
<body copyright="All data copyright North County Transit District 2012.">
<route tag="398" title="Coaster" color="009999" oppositeColor="ffffff" latMin="32.7174899" latMax="33.1922499" lonMin="-117.37971" lonMax="-117.16999">
<stop tag="28007" title="Coaster Santa Fe Station" lat="32.7174899" lon="-117.16999" stopId="28007"/>
<stop tag="28006" title="Coaster Old Town Station" lat="32.7542099" lon="-117.19932" stopId="28006"/>
<stop tag="28005" title="Coaster Sorrento Valley Station" lat="32.9027699" lon="-117.22513" stopId="28005"/>
<stop tag="28004" title="Coaster Solana Beach Station" lat="32.9932699" lon="-117.27161" stopId="28004"/>
<stop tag="28003" title="Coaster Encinitas Station" lat="33.0470999" lon="-117.2932" stopId="28003"/>
<stop tag="28002" title="Coaster Carlsbad Poinsettia Station" lat="33.1086399" lon="-117.31899" stopId="28002"/>
<stop tag="28001" title="Coaster Carlsbad Village Station" lat="33.1606999" lon="-117.35077" stopId="28001"/>
<stop tag="28000_ar" title="Coaster Oceanside Transit Center" lat="33.1922499" lon="-117.37971"/>
<stop tag="28000" title="Coaster Oceanside Transit Center" lat="33.1922499" lon="-117.37971" stopId="28000"/>
<stop tag="28007_ar" title="Coaster Santa Fe Station" lat="32.7174899" lon="-117.16999"/>
<direction tag="398_1_var0" title="South to San Diego" name="South to San Diego" useForUI="true">
  <stop tag="28000" />
  <stop tag="28001" />
  <stop tag="28002" />
  <stop tag="28003" />
  <stop tag="28004" />
  <stop tag="28005" />
  <stop tag="28006" />
  <stop tag="28007_ar" />
</direction>
<direction tag="398_0_var0" title="North to Oceanside" name="North to Oceanside" useForUI="true">
  <stop tag="28007" />
  <stop tag="28006" />
  <stop tag="28005" />
  <stop tag="28004" />
  <stop tag="28003" />
  <stop tag="28002" />
  <stop tag="28001" />
  <stop tag="28000_ar" />
</direction>
<path>
<point lat="32.75421" lon="-117.19932"/>
<point lat="32.7533" lon="-117.19895"/>
<point lat="32.7525" lon="-117.1986"/>
<point lat="32.7517799" lon="-117.1982"/>
<point lat="32.74962" lon="-117.1963"/>
<point lat="32.74736" lon="-117.19436"/>
<point lat="32.74663" lon="-117.19356"/>
<point lat="32.74612" lon="-117.19292"/>
<point lat="32.7456" lon="-117.19211"/>
<point lat="32.74118" lon="-117.18383"/>
<point lat="32.74065" lon="-117.18274"/>
<point lat="32.74037" lon="-117.18227"/>
<point lat="32.73964" lon="-117.18096"/>
<point lat="32.7388" lon="-117.17974"/>
<point lat="32.73843" lon="-117.17924"/>
<point lat="32.73748" lon="-117.17827"/>
<point lat="32.73695" lon="-117.17766"/>
<point lat="32.73543" lon="-117.17636"/>
<point lat="32.73306" lon="-117.17452"/>
<point lat="32.73242" lon="-117.17392"/>
<point lat="32.73165" lon="-117.17354"/>
<point lat="32.72938" lon="-117.17246"/>
<point lat="32.7259" lon="-117.17091"/>
<point lat="32.72361" lon="-117.17"/>
<point lat="32.72191" lon="-117.16988"/>
<point lat="32.72151" lon="-117.16996"/>
<point lat="32.71984" lon="-117.17001"/>
<point lat="32.71749" lon="-117.16999"/>
</path>
<path>
<point lat="33.19225" lon="-117.37971"/>
<point lat="33.18071" lon="-117.37001"/>
<point lat="33.1786" lon="-117.36817"/>
<point lat="33.17837" lon="-117.36798"/>
<point lat="33.17519" lon="-117.36531"/>
<point lat="33.1745" lon="-117.36469"/>
<point lat="33.1717" lon="-117.36224"/>
<point lat="33.1688199" lon="-117.35925"/>
<point lat="33.1669399" lon="-117.35729"/>
<point lat="33.16675" lon="-117.35708"/>
<point lat="33.16649" lon="-117.35679"/>
<point lat="33.16479" lon="-117.35502"/>
<point lat="33.1609" lon="-117.35095"/>
<point lat="33.1607" lon="-117.35077"/>
</path>
<path>
<point lat="33.0471" lon="-117.2932"/>
<point lat="33.04875" lon="-117.29347"/>
<point lat="33.0495" lon="-117.29368"/>
<point lat="33.05049" lon="-117.29407"/>
<point lat="33.05126" lon="-117.29447"/>
<point lat="33.05826" lon="-117.29898"/>
<point lat="33.05988" lon="-117.30002"/>
<point lat="33.0609899" lon="-117.30063"/>
<point lat="33.06276" lon="-117.30142"/>
<point lat="33.06398" lon="-117.30184"/>
<point lat="33.08019" lon="-117.3072"/>
<point lat="33.08196" lon="-117.30769"/>
<point lat="33.08393" lon="-117.30842"/>
<point lat="33.08805" lon="-117.3097"/>
<point lat="33.08936" lon="-117.31019"/>
<point lat="33.09114" lon="-117.31102"/>
<point lat="33.09304" lon="-117.31183"/>
<point lat="33.09482" lon="-117.31269"/>
<point lat="33.10411" lon="-117.31687"/>
<point lat="33.10864" lon="-117.31899"/>
</path>
<path>
<point lat="33.0471" lon="-117.2932"/>
<point lat="33.03767" lon="-117.2919"/>
<point lat="33.03634" lon="-117.29162"/>
<point lat="33.03538" lon="-117.29131"/>
<point lat="33.03465" lon="-117.291"/>
<point lat="33.03308" lon="-117.29021"/>
<point lat="33.03216" lon="-117.28971"/>
<point lat="33.02783" lon="-117.28744"/>
<point lat="33.02539" lon="-117.28588"/>
<point lat="33.02303" lon="-117.2843"/>
<point lat="33.02001" lon="-117.28245"/>
<point lat="33.01854" lon="-117.28159"/>
<point lat="33.01334" lon="-117.27867"/>
<point lat="33.01254" lon="-117.27826"/>
<point lat="33.01106" lon="-117.27768"/>
<point lat="33.00811" lon="-117.27683"/>
<point lat="33.00101" lon="-117.27475"/>
<point lat="32.99998" lon="-117.27433"/>
<point lat="32.99895" lon="-117.27385"/>
<point lat="32.99747" lon="-117.2732"/>
<point lat="32.99594" lon="-117.27247"/>
<point lat="32.9953" lon="-117.27221"/>
<point lat="32.99466" lon="-117.27198"/>
<point lat="32.99388" lon="-117.27176"/>
<point lat="32.99327" lon="-117.27161"/>
</path>
<path>
<point lat="32.71749" lon="-117.16999"/>
<point lat="32.71846" lon="-117.17006"/>
<point lat="32.71984" lon="-117.17001"/>
<point lat="32.72151" lon="-117.16996"/>
<point lat="32.72191" lon="-117.16988"/>
<point lat="32.72361" lon="-117.17"/>
<point lat="32.7259" lon="-117.17091"/>
<point lat="32.72938" lon="-117.17246"/>
<point lat="32.73165" lon="-117.17354"/>
<point lat="32.73242" lon="-117.17392"/>
<point lat="32.73306" lon="-117.17452"/>
<point lat="32.73543" lon="-117.17636"/>
<point lat="32.73695" lon="-117.17766"/>
<point lat="32.73748" lon="-117.17827"/>
<point lat="32.73843" lon="-117.17924"/>
<point lat="32.7388" lon="-117.17974"/>
<point lat="32.73964" lon="-117.18096"/>
<point lat="32.74037" lon="-117.18227"/>
<point lat="32.74065" lon="-117.18274"/>
<point lat="32.74118" lon="-117.18383"/>
<point lat="32.7456" lon="-117.19211"/>
<point lat="32.74612" lon="-117.19292"/>
<point lat="32.74663" lon="-117.19356"/>
<point lat="32.74736" lon="-117.19436"/>
<point lat="32.74962" lon="-117.1963"/>
<point lat="32.7517799" lon="-117.1982"/>
<point lat="32.7525" lon="-117.1986"/>
<point lat="32.7533" lon="-117.19895"/>
<point lat="32.75421" lon="-117.19932"/>
</path>
<path>
<point lat="32.99327" lon="-117.27161"/>
<point lat="32.99388" lon="-117.27176"/>
<point lat="32.99466" lon="-117.27198"/>
<point lat="32.9953" lon="-117.27221"/>
<point lat="32.99594" lon="-117.27247"/>
<point lat="32.99747" lon="-117.2732"/>
<point lat="32.99895" lon="-117.27385"/>
<point lat="32.99998" lon="-117.27433"/>
<point lat="33.00101" lon="-117.27475"/>
<point lat="33.00349" lon="-117.27551"/>
<point lat="33.01106" lon="-117.27768"/>
<point lat="33.01254" lon="-117.27826"/>
<point lat="33.01334" lon="-117.27867"/>
<point lat="33.01446" lon="-117.27928"/>
<point lat="33.02001" lon="-117.28245"/>
<point lat="33.02303" lon="-117.2843"/>
<point lat="33.02539" lon="-117.28588"/>
<point lat="33.02783" lon="-117.28744"/>
<point lat="33.03216" lon="-117.28971"/>
<point lat="33.03308" lon="-117.29021"/>
<point lat="33.03465" lon="-117.291"/>
<point lat="33.03538" lon="-117.29131"/>
<point lat="33.03634" lon="-117.29162"/>
<point lat="33.03767" lon="-117.2919"/>
<point lat="33.04507" lon="-117.29289"/>
<point lat="33.0471" lon="-117.2932"/>
</path>
<path>
<point lat="32.9027699" lon="-117.22513"/>
<point lat="32.90265" lon="-117.22501"/>
<point lat="32.90211" lon="-117.2245"/>
<point lat="32.9018" lon="-117.22419"/>
<point lat="32.90154" lon="-117.22393"/>
<point lat="32.90111" lon="-117.22348"/>
<point lat="32.89628" lon="-117.21887"/>
<point lat="32.8901899" lon="-117.21295"/>
<point lat="32.88956" lon="-117.21226"/>
<point lat="32.88774" lon="-117.20935"/>
<point lat="32.88751" lon="-117.20882"/>
<point lat="32.88738" lon="-117.20845"/>
<point lat="32.88727" lon="-117.20803"/>
<point lat="32.8871899" lon="-117.20768"/>
<point lat="32.88712" lon="-117.20723"/>
<point lat="32.88711" lon="-117.20688"/>
<point lat="32.88714" lon="-117.20637"/>
<point lat="32.88736" lon="-117.20301"/>
<point lat="32.88745" lon="-117.20254"/>
<point lat="32.8875699" lon="-117.20224"/>
<point lat="32.8878" lon="-117.2017"/>
<point lat="32.88807" lon="-117.20099"/>
<point lat="32.8882199" lon="-117.20034"/>
<point lat="32.88835" lon="-117.19909"/>
<point lat="32.8885099" lon="-117.19805"/>
<point lat="32.88863" lon="-117.19749"/>
<point lat="32.88874" lon="-117.19709"/>
<point lat="32.88896" lon="-117.19658"/>
<point lat="32.8891" lon="-117.19628"/>
<point lat="32.88921" lon="-117.19598"/>
<point lat="32.8893" lon="-117.19562"/>
<point lat="32.88933" lon="-117.19529"/>
<point lat="32.88934" lon="-117.19503"/>
<point lat="32.88928" lon="-117.19456"/>
<point lat="32.88919" lon="-117.19419"/>
<point lat="32.88894" lon="-117.19379"/>
<point lat="32.88874" lon="-117.19352"/>
<point lat="32.88825" lon="-117.19314"/>
<point lat="32.8876" lon="-117.19276"/>
<point lat="32.88702" lon="-117.1925"/>
<point lat="32.88667" lon="-117.19226"/>
<point lat="32.88651" lon="-117.1921"/>
<point lat="32.88641" lon="-117.19196"/>
<point lat="32.88623" lon="-117.19162"/>
<point lat="32.88615" lon="-117.19128"/>
<point lat="32.88612" lon="-117.19099"/>
<point lat="32.88617" lon="-117.18712"/>
<point lat="32.88613" lon="-117.18678"/>
<point lat="32.88606" lon="-117.18645"/>
<point lat="32.88593" lon="-117.18609"/>
<point lat="32.88571" lon="-117.18574"/>
<point lat="32.88544" lon="-117.18547"/>
<point lat="32.88521" lon="-117.18526"/>
<point lat="32.88506" lon="-117.1851"/>
<point lat="32.88489" lon="-117.18485"/>
<point lat="32.88472" lon="-117.18455"/>
<point lat="32.88442" lon="-117.18365"/>
<point lat="32.88395" lon="-117.18218"/>
<point lat="32.8839" lon="-117.18183"/>
<point lat="32.88388" lon="-117.18147"/>
<point lat="32.88393" lon="-117.1811"/>
<point lat="32.88409" lon="-117.18064"/>
<point lat="32.88424" lon="-117.18018"/>
<point lat="32.8842799" lon="-117.17984"/>
<point lat="32.88425" lon="-117.17943"/>
<point lat="32.88416" lon="-117.17907"/>
<point lat="32.88387" lon="-117.17836"/>
<point lat="32.88343" lon="-117.17735"/>
<point lat="32.88321" lon="-117.17697"/>
<point lat="32.88205" lon="-117.17539"/>
<point lat="32.88179" lon="-117.17512"/>
<point lat="32.88148" lon="-117.17493"/>
<point lat="32.88127" lon="-117.1748"/>
<point lat="32.88098" lon="-117.17471"/>
<point lat="32.88056" lon="-117.17458"/>
<point lat="32.87961" lon="-117.17421"/>
<point lat="32.87926" lon="-117.17415"/>
<point lat="32.87894" lon="-117.17415"/>
<point lat="32.87794" lon="-117.17435"/>
<point lat="32.87568" lon="-117.17483"/>
<point lat="32.87489" lon="-117.1751"/>
<point lat="32.8740499" lon="-117.17554"/>
<point lat="32.87351" lon="-117.17583"/>
<point lat="32.87292" lon="-117.17622"/>
<point lat="32.87234" lon="-117.17668"/>
<point lat="32.87195" lon="-117.17715"/>
<point lat="32.87151" lon="-117.17779"/>
<point lat="32.8689899" lon="-117.18259"/>
<point lat="32.86833" lon="-117.1838"/>
<point lat="32.86723" lon="-117.18553"/>
<point lat="32.86533" lon="-117.18855"/>
<point lat="32.86452" lon="-117.18976"/>
<point lat="32.86446" lon="-117.18986"/>
<point lat="32.86439" lon="-117.18996"/>
<point lat="32.86389" lon="-117.19092"/>
<point lat="32.86352" lon="-117.1919"/>
<point lat="32.86333" lon="-117.19258"/>
<point lat="32.86289" lon="-117.19464"/>
<point lat="32.86256" lon="-117.19619"/>
<point lat="32.86242" lon="-117.19736"/>
<point lat="32.8624099" lon="-117.19844"/>
<point lat="32.86256" lon="-117.19995"/>
<point lat="32.86315" lon="-117.20424"/>
<point lat="32.86322" lon="-117.20503"/>
<point lat="32.86313" lon="-117.20651"/>
<point lat="32.8629" lon="-117.20771"/>
<point lat="32.86254" lon="-117.20886"/>
<point lat="32.8614" lon="-117.2115"/>
<point lat="32.85413" lon="-117.22888"/>
<point lat="32.85369" lon="-117.22976"/>
<point lat="32.85327" lon="-117.23045"/>
<point lat="32.85265" lon="-117.23125"/>
<point lat="32.85195" lon="-117.23196"/>
<point lat="32.85125" lon="-117.23254"/>
<point lat="32.84992" lon="-117.23345"/>
<point lat="32.84915" lon="-117.23394"/>
<point lat="32.84841" lon="-117.23441"/>
<point lat="32.84764" lon="-117.23485"/>
<point lat="32.8471" lon="-117.23511"/>
<point lat="32.84649" lon="-117.23533"/>
<point lat="32.84582" lon="-117.23552"/>
<point lat="32.8452" lon="-117.23562"/>
<point lat="32.84425" lon="-117.23567"/>
<point lat="32.84341" lon="-117.23565"/>
<point lat="32.84259" lon="-117.23553"/>
<point lat="32.84185" lon="-117.23535"/>
<point lat="32.84109" lon="-117.23506"/>
<point lat="32.84031" lon="-117.23469"/>
<point lat="32.83954" lon="-117.23423"/>
<point lat="32.83894" lon="-117.23383"/>
<point lat="32.83841" lon="-117.23341"/>
<point lat="32.83782" lon="-117.23308"/>
<point lat="32.83715" lon="-117.23283"/>
<point lat="32.83377" lon="-117.23184"/>
<point lat="32.83354" lon="-117.23173"/>
<point lat="32.83318" lon="-117.23147"/>
<point lat="32.83189" lon="-117.23062"/>
<point lat="32.83156" lon="-117.23047"/>
<point lat="32.83121" lon="-117.23038"/>
<point lat="32.8309" lon="-117.23035"/>
<point lat="32.83052" lon="-117.2304"/>
<point lat="32.82909" lon="-117.23062"/>
<point lat="32.82835" lon="-117.23072"/>
<point lat="32.82795" lon="-117.23074"/>
<point lat="32.82756" lon="-117.23074"/>
<point lat="32.82714" lon="-117.2307"/>
<point lat="32.82643" lon="-117.23058"/>
<point lat="32.82555" lon="-117.23033"/>
<point lat="32.8249799" lon="-117.23012"/>
<point lat="32.82444" lon="-117.22984"/>
<point lat="32.82398" lon="-117.22954"/>
<point lat="32.82347" lon="-117.22918"/>
<point lat="32.8229" lon="-117.22867"/>
<point lat="32.8223" lon="-117.22803"/>
<point lat="32.81702" lon="-117.22222"/>
<point lat="32.81519" lon="-117.22022"/>
<point lat="32.81391" lon="-117.21885"/>
<point lat="32.81336" lon="-117.21831"/>
<point lat="32.81301" lon="-117.21801"/>
<point lat="32.81198" lon="-117.21732"/>
<point lat="32.81112" lon="-117.2169"/>
<point lat="32.80939" lon="-117.21627"/>
<point lat="32.80889" lon="-117.21606"/>
<point lat="32.80801" lon="-117.21559"/>
<point lat="32.80695" lon="-117.21493"/>
<point lat="32.79718" lon="-117.20892"/>
<point lat="32.7963499" lon="-117.20845"/>
<point lat="32.79515" lon="-117.20789"/>
<point lat="32.79305" lon="-117.20696"/>
<point lat="32.79237" lon="-117.20672"/>
<point lat="32.79182" lon="-117.20657"/>
<point lat="32.79121" lon="-117.20642"/>
<point lat="32.79051" lon="-117.20631"/>
<point lat="32.78957" lon="-117.20626"/>
<point lat="32.78878" lon="-117.2063"/>
<point lat="32.78779" lon="-117.20643"/>
<point lat="32.78489" lon="-117.20694"/>
<point lat="32.78058" lon="-117.2077"/>
<point lat="32.7787099" lon="-117.20798"/>
<point lat="32.77804" lon="-117.20798"/>
<point lat="32.77734" lon="-117.20791"/>
<point lat="32.77668" lon="-117.20776"/>
<point lat="32.77621" lon="-117.20762"/>
<point lat="32.77317" lon="-117.20646"/>
<point lat="32.75721" lon="-117.20055"/>
<point lat="32.75497" lon="-117.19964"/>
<point lat="32.75421" lon="-117.19932"/>
</path>
<path>
<point lat="33.1607" lon="-117.35077"/>
<point lat="33.15916" lon="-117.3494"/>
<point lat="33.15808" lon="-117.3485"/>
<point lat="33.14656" lon="-117.33905"/>
<point lat="33.14588" lon="-117.3385"/>
<point lat="33.1451" lon="-117.3379"/>
<point lat="33.14392" lon="-117.3371"/>
<point lat="33.1438" lon="-117.33702"/>
<point lat="33.14369" lon="-117.33694"/>
<point lat="33.14204" lon="-117.33596"/>
<point lat="33.13494" lon="-117.33234"/>
<point lat="33.11025" lon="-117.31974"/>
<point lat="33.10864" lon="-117.31899"/>
</path>
<path>
<point lat="32.75421" lon="-117.19932"/>
<point lat="32.75721" lon="-117.20055"/>
<point lat="32.76415" lon="-117.20311"/>
<point lat="32.77621" lon="-117.20762"/>
<point lat="32.77668" lon="-117.20776"/>
<point lat="32.77734" lon="-117.20791"/>
<point lat="32.77804" lon="-117.20798"/>
<point lat="32.7787099" lon="-117.20798"/>
<point lat="32.78058" lon="-117.2077"/>
<point lat="32.78416" lon="-117.20707"/>
<point lat="32.78779" lon="-117.20643"/>
<point lat="32.78878" lon="-117.2063"/>
<point lat="32.78957" lon="-117.20626"/>
<point lat="32.79051" lon="-117.20631"/>
<point lat="32.79121" lon="-117.20642"/>
<point lat="32.79182" lon="-117.20657"/>
<point lat="32.79237" lon="-117.20672"/>
<point lat="32.79305" lon="-117.20696"/>
<point lat="32.79515" lon="-117.20789"/>
<point lat="32.7963499" lon="-117.20845"/>
<point lat="32.79718" lon="-117.20892"/>
<point lat="32.80609" lon="-117.2144"/>
<point lat="32.80801" lon="-117.21559"/>
<point lat="32.80889" lon="-117.21606"/>
<point lat="32.80939" lon="-117.21627"/>
<point lat="32.81112" lon="-117.2169"/>
<point lat="32.81198" lon="-117.21732"/>
<point lat="32.81301" lon="-117.21801"/>
<point lat="32.81336" lon="-117.21831"/>
<point lat="32.81391" lon="-117.21885"/>
<point lat="32.81519" lon="-117.22022"/>
<point lat="32.8229" lon="-117.22867"/>
<point lat="32.82347" lon="-117.22918"/>
<point lat="32.82398" lon="-117.22954"/>
<point lat="32.82444" lon="-117.22984"/>
<point lat="32.8249799" lon="-117.23012"/>
<point lat="32.82555" lon="-117.23033"/>
<point lat="32.82643" lon="-117.23058"/>
<point lat="32.82714" lon="-117.2307"/>
<point lat="32.82756" lon="-117.23074"/>
<point lat="32.82795" lon="-117.23074"/>
<point lat="32.82835" lon="-117.23072"/>
<point lat="32.82909" lon="-117.23062"/>
<point lat="32.83052" lon="-117.2304"/>
<point lat="32.8309" lon="-117.23035"/>
<point lat="32.83121" lon="-117.23038"/>
<point lat="32.83156" lon="-117.23047"/>
<point lat="32.83189" lon="-117.23062"/>
<point lat="32.83318" lon="-117.23147"/>
<point lat="32.83354" lon="-117.23173"/>
<point lat="32.83377" lon="-117.23184"/>
<point lat="32.83715" lon="-117.23283"/>
<point lat="32.83782" lon="-117.23308"/>
<point lat="32.83841" lon="-117.23341"/>
<point lat="32.83894" lon="-117.23383"/>
<point lat="32.83954" lon="-117.23423"/>
<point lat="32.84031" lon="-117.23469"/>
<point lat="32.84109" lon="-117.23506"/>
<point lat="32.84185" lon="-117.23535"/>
<point lat="32.84259" lon="-117.23553"/>
<point lat="32.84341" lon="-117.23565"/>
<point lat="32.84425" lon="-117.23567"/>
<point lat="32.8452" lon="-117.23562"/>
<point lat="32.84582" lon="-117.23552"/>
<point lat="32.84649" lon="-117.23533"/>
<point lat="32.8471" lon="-117.23511"/>
<point lat="32.84764" lon="-117.23485"/>
<point lat="32.84841" lon="-117.23441"/>
<point lat="32.8491" lon="-117.23397"/>
<point lat="32.84992" lon="-117.23345"/>
<point lat="32.85125" lon="-117.23254"/>
<point lat="32.85195" lon="-117.23196"/>
<point lat="32.85265" lon="-117.23125"/>
<point lat="32.85327" lon="-117.23045"/>
<point lat="32.85369" lon="-117.22976"/>
<point lat="32.85413" lon="-117.22888"/>
<point lat="32.85595" lon="-117.22449"/>
<point lat="32.86254" lon="-117.20886"/>
<point lat="32.8629" lon="-117.20771"/>
<point lat="32.86313" lon="-117.20651"/>
<point lat="32.86322" lon="-117.20503"/>
<point lat="32.86315" lon="-117.20424"/>
<point lat="32.86256" lon="-117.19995"/>
<point lat="32.8624099" lon="-117.19844"/>
<point lat="32.86242" lon="-117.19736"/>
<point lat="32.86256" lon="-117.19619"/>
<point lat="32.86289" lon="-117.19464"/>
<point lat="32.86333" lon="-117.19258"/>
<point lat="32.86352" lon="-117.1919"/>
<point lat="32.86389" lon="-117.19092"/>
<point lat="32.86439" lon="-117.18996"/>
<point lat="32.86446" lon="-117.18986"/>
<point lat="32.86452" lon="-117.18976"/>
<point lat="32.86533" lon="-117.18855"/>
<point lat="32.86723" lon="-117.18553"/>
<point lat="32.86833" lon="-117.1838"/>
<point lat="32.8689899" lon="-117.18259"/>
<point lat="32.87151" lon="-117.17779"/>
<point lat="32.87195" lon="-117.17715"/>
<point lat="32.87234" lon="-117.17668"/>
<point lat="32.87292" lon="-117.17622"/>
<point lat="32.87351" lon="-117.17583"/>
<point lat="32.8740499" lon="-117.17554"/>
<point lat="32.87489" lon="-117.1751"/>
<point lat="32.87568" lon="-117.17483"/>
<point lat="32.87794" lon="-117.17435"/>
<point lat="32.87894" lon="-117.17415"/>
<point lat="32.87926" lon="-117.17415"/>
<point lat="32.87961" lon="-117.17421"/>
<point lat="32.88056" lon="-117.17458"/>
<point lat="32.88098" lon="-117.17471"/>
<point lat="32.88127" lon="-117.1748"/>
<point lat="32.88148" lon="-117.17493"/>
<point lat="32.88179" lon="-117.17512"/>
<point lat="32.88205" lon="-117.17539"/>
<point lat="32.88321" lon="-117.17697"/>
<point lat="32.88343" lon="-117.17735"/>
<point lat="32.88387" lon="-117.17836"/>
<point lat="32.88416" lon="-117.17907"/>
<point lat="32.88425" lon="-117.17943"/>
<point lat="32.8842799" lon="-117.17984"/>
<point lat="32.88424" lon="-117.18018"/>
<point lat="32.88409" lon="-117.18064"/>
<point lat="32.88393" lon="-117.1811"/>
<point lat="32.88388" lon="-117.18147"/>
<point lat="32.8839" lon="-117.18183"/>
<point lat="32.88395" lon="-117.18218"/>
<point lat="32.88442" lon="-117.18365"/>
<point lat="32.88472" lon="-117.18455"/>
<point lat="32.88489" lon="-117.18485"/>
<point lat="32.88506" lon="-117.1851"/>
<point lat="32.88521" lon="-117.18526"/>
<point lat="32.88544" lon="-117.18547"/>
<point lat="32.88571" lon="-117.18574"/>
<point lat="32.88593" lon="-117.18609"/>
<point lat="32.88606" lon="-117.18645"/>
<point lat="32.88613" lon="-117.18678"/>
<point lat="32.88617" lon="-117.18712"/>
<point lat="32.88612" lon="-117.19099"/>
<point lat="32.88615" lon="-117.19128"/>
<point lat="32.88623" lon="-117.19162"/>
<point lat="32.88641" lon="-117.19196"/>
<point lat="32.88651" lon="-117.1921"/>
<point lat="32.88667" lon="-117.19226"/>
<point lat="32.88702" lon="-117.1925"/>
<point lat="32.8876" lon="-117.19276"/>
<point lat="32.88825" lon="-117.19314"/>
<point lat="32.88874" lon="-117.19352"/>
<point lat="32.88894" lon="-117.19379"/>
<point lat="32.88919" lon="-117.19419"/>
<point lat="32.88928" lon="-117.19456"/>
<point lat="32.88934" lon="-117.19503"/>
<point lat="32.88933" lon="-117.19529"/>
<point lat="32.8893" lon="-117.19562"/>
<point lat="32.88921" lon="-117.19598"/>
<point lat="32.8891" lon="-117.19628"/>
<point lat="32.88896" lon="-117.19658"/>
<point lat="32.88874" lon="-117.19709"/>
<point lat="32.88863" lon="-117.19749"/>
<point lat="32.8885099" lon="-117.19805"/>
<point lat="32.88835" lon="-117.19909"/>
<point lat="32.8882199" lon="-117.20034"/>
<point lat="32.88807" lon="-117.20099"/>
<point lat="32.8878" lon="-117.2017"/>
<point lat="32.8875699" lon="-117.20224"/>
<point lat="32.88745" lon="-117.20254"/>
<point lat="32.88736" lon="-117.20301"/>
<point lat="32.88733" lon="-117.20349"/>
<point lat="32.88711" lon="-117.20688"/>
<point lat="32.88712" lon="-117.20723"/>
<point lat="32.8871899" lon="-117.20768"/>
<point lat="32.88727" lon="-117.20803"/>
<point lat="32.88738" lon="-117.20845"/>
<point lat="32.88751" lon="-117.20882"/>
<point lat="32.88774" lon="-117.20935"/>
<point lat="32.88956" lon="-117.21226"/>
<point lat="32.8901899" lon="-117.21295"/>
<point lat="32.89156" lon="-117.21431"/>
<point lat="32.90111" lon="-117.22348"/>
<point lat="32.90154" lon="-117.22393"/>
<point lat="32.9018" lon="-117.22419"/>
<point lat="32.90211" lon="-117.2245"/>
<point lat="32.90265" lon="-117.22501"/>
<point lat="32.9027699" lon="-117.22513"/>
</path>
<path>
<point lat="32.99327" lon="-117.27161"/>
<point lat="32.98156" lon="-117.2688"/>
<point lat="32.97969" lon="-117.26831"/>
<point lat="32.97059" lon="-117.26615"/>
<point lat="32.96838" lon="-117.26561"/>
<point lat="32.96769" lon="-117.26549"/>
<point lat="32.96687" lon="-117.26544"/>
<point lat="32.96607" lon="-117.26551"/>
<point lat="32.96523" lon="-117.26567"/>
<point lat="32.96454" lon="-117.2659"/>
<point lat="32.96094" lon="-117.26732"/>
<point lat="32.96002" lon="-117.26769"/>
<point lat="32.95967" lon="-117.26782"/>
<point lat="32.95929" lon="-117.26788"/>
<point lat="32.95882" lon="-117.2679"/>
<point lat="32.95826" lon="-117.26782"/>
<point lat="32.95469" lon="-117.26692"/>
<point lat="32.95394" lon="-117.26665"/>
<point lat="32.95272" lon="-117.26615"/>
<point lat="32.94711" lon="-117.26385"/>
<point lat="32.9453699" lon="-117.26323"/>
<point lat="32.94291" lon="-117.26255"/>
<point lat="32.94029" lon="-117.26188"/>
<point lat="32.93896" lon="-117.26145"/>
<point lat="32.93835" lon="-117.2611"/>
<point lat="32.93761" lon="-117.2605"/>
<point lat="32.93536" lon="-117.25832"/>
<point lat="32.92573" lon="-117.24895"/>
<point lat="32.92466" lon="-117.2477"/>
<point lat="32.9223" lon="-117.24477"/>
<point lat="32.91802" lon="-117.23942"/>
<point lat="32.91749" lon="-117.23881"/>
<point lat="32.91686" lon="-117.23815"/>
<point lat="32.91585" lon="-117.23724"/>
<point lat="32.90591" lon="-117.22815"/>
<point lat="32.90494" lon="-117.2272"/>
<point lat="32.9027699" lon="-117.22513"/>
</path>
<path>
<point lat="33.1607" lon="-117.35077"/>
<point lat="33.1609" lon="-117.35095"/>
<point lat="33.16479" lon="-117.35502"/>
<point lat="33.16649" lon="-117.35679"/>
<point lat="33.16675" lon="-117.35708"/>
<point lat="33.1669399" lon="-117.35729"/>
<point lat="33.16769" lon="-117.35807"/>
<point lat="33.1717" lon="-117.36224"/>
<point lat="33.1745" lon="-117.36469"/>
<point lat="33.17519" lon="-117.36531"/>
<point lat="33.17837" lon="-117.36798"/>
<point lat="33.1786" lon="-117.36817"/>
<point lat="33.18071" lon="-117.37001"/>
<point lat="33.18203" lon="-117.37109"/>
<point lat="33.19225" lon="-117.37971"/>
</path>
<path>
<point lat="33.10864" lon="-117.31899"/>
<point lat="33.11025" lon="-117.31974"/>
<point lat="33.11302" lon="-117.32112"/>
<point lat="33.13494" lon="-117.33234"/>
<point lat="33.14204" lon="-117.33596"/>
<point lat="33.14369" lon="-117.33694"/>
<point lat="33.1438" lon="-117.33702"/>
<point lat="33.14392" lon="-117.3371"/>
<point lat="33.1451" lon="-117.3379"/>
<point lat="33.14588" lon="-117.3385"/>
<point lat="33.14656" lon="-117.33905"/>
<point lat="33.15916" lon="-117.3494"/>
<point lat="33.1607" lon="-117.35077"/>
</path>
<path>
<point lat="32.9027699" lon="-117.22513"/>
<point lat="32.90494" lon="-117.2272"/>
<point lat="32.90591" lon="-117.22815"/>
<point lat="32.91045" lon="-117.23234"/>
<point lat="32.91686" lon="-117.23815"/>
<point lat="32.91749" lon="-117.23881"/>
<point lat="32.91802" lon="-117.23942"/>
<point lat="32.9223" lon="-117.24477"/>
<point lat="32.92466" lon="-117.2477"/>
<point lat="32.92573" lon="-117.24895"/>
<point lat="32.92686" lon="-117.25005"/>
<point lat="32.93761" lon="-117.2605"/>
<point lat="32.93835" lon="-117.2611"/>
<point lat="32.93896" lon="-117.26145"/>
<point lat="32.94029" lon="-117.26188"/>
<point lat="32.94291" lon="-117.26255"/>
<point lat="32.9453699" lon="-117.26323"/>
<point lat="32.94711" lon="-117.26385"/>
<point lat="32.94897" lon="-117.26463"/>
<point lat="32.95394" lon="-117.26665"/>
<point lat="32.95469" lon="-117.26692"/>
<point lat="32.95826" lon="-117.26782"/>
<point lat="32.95882" lon="-117.2679"/>
<point lat="32.95929" lon="-117.26788"/>
<point lat="32.95967" lon="-117.26782"/>
<point lat="32.96002" lon="-117.26769"/>
<point lat="32.96094" lon="-117.26732"/>
<point lat="32.96454" lon="-117.2659"/>
<point lat="32.96523" lon="-117.26567"/>
<point lat="32.96607" lon="-117.26551"/>
<point lat="32.96687" lon="-117.26544"/>
<point lat="32.96769" lon="-117.26549"/>
<point lat="32.96838" lon="-117.26561"/>
<point lat="32.97059" lon="-117.26615"/>
<point lat="32.97969" lon="-117.26831"/>
<point lat="32.98156" lon="-117.2688"/>
<point lat="32.99194" lon="-117.27129"/>
<point lat="32.99327" lon="-117.27161"/>
</path>
<path>
<point lat="33.10864" lon="-117.31899"/>
<point lat="33.09482" lon="-117.31269"/>
<point lat="33.09304" lon="-117.31183"/>
<point lat="33.09114" lon="-117.31102"/>
<point lat="33.08936" lon="-117.31019"/>
<point lat="33.08805" lon="-117.3097"/>
<point lat="33.08393" lon="-117.30842"/>
<point lat="33.08196" lon="-117.30769"/>
<point lat="33.08019" lon="-117.3072"/>
<point lat="33.07436" lon="-117.30526"/>
<point lat="33.06276" lon="-117.30142"/>
<point lat="33.0609899" lon="-117.30063"/>
<point lat="33.05988" lon="-117.30002"/>
<point lat="33.05826" lon="-117.29898"/>
<point lat="33.05126" lon="-117.29447"/>
<point lat="33.05049" lon="-117.29407"/>
<point lat="33.0495" lon="-117.29368"/>
<point lat="33.04875" lon="-117.29347"/>
<point lat="33.0471" lon="-117.2932"/>
</path>
</route>
</body>
